 [
    {
        "mtitle" : "SanDisk Ultra (pirate of the world) 128GB SDXC UHS-I Memory Card up to 80MB/s",
        "price" : 45.89,
        "Plot" : "Ultra-fast cards (2) to take better pictures and Full HD videos (1) with your compact to mid-range point-and-shoot cameras and camcorders. With SanDisk Ultra SDXC UHS-I cards you’ll benefit from faster downloads, high capacity, and better performance to capture and store 128GB (5) of high quality pictures and Full HD video (1). Take advantage of ultra-fast read speeds of up to 80MB/s (3) to save time moving photos and videos from the card to your computer. From a leader in flash memory storage, SanDisk Ultra SDXC UHS-I cards are compatible with SDHC and SDXC digital devices, and come with a 10-year limited warranty (6).",
        "ratings" : 4.5,
        "images" : [{
            "public_id" : "products/dsvbpny402gelwugv2le",
            "url" : "https://res.cloudinary.com/.../dsvbpny402gelwugv2le.jpg"
        }],
        "genre" : "Romance",
        "producers" : [{"name":"joker"}],
        "actors": [{"name":"joker"}]
    }
]